epoch,train_loss,val_loss,learning_rate,is_best,seconds
1,0.36349091003619455,0.3453042144710953,0.0003,1,10.381820440292358
2,0.34475038365102006,0.3404646854142885,0.00029999991775330414,1,9.796630859375
3,0.3428815320329155,0.3404973688963297,0.0002999996710133069,0,9.766265153884888
4,0.341773233027738,0.3378154079656343,0.00029999925978027874,1,9.792324304580688
5,0.33987281166737265,0.33632854593766703,0.0002999986840546706,1,9.78633737564087
6,0.3384488098930336,0.33537509393047643,0.00029999794383711397,1,9.75843334197998
7,0.33771640093782473,0.33533122732832626,0.0002999970391284205,1,9.77251148223877
8,0.3364380187830275,0.334398897918495,0.00029999596992958235,1,9.755205154418945
9,0.3358623970908523,0.33441298394589813,0.00029999473624177207,0,9.894458770751953
10,0.3352111390166365,0.33248428637916977,0.00029999333806634247,1,9.892195701599121
11,0.335022255218497,0.3306662174495491,0.0002999917754048268,1,9.880792379379272
12,0.33212903270292704,0.32976457234975454,0.00029999004825893876,1,9.881916284561157
13,0.33133466085737495,0.3292085383389447,0.0002999881566305724,1,9.967040538787842
14,0.32830640170432285,0.32300181324417526,0.00029998610052180206,1,9.855792760848999
15,0.324536275522726,0.3214284946789613,0.0002999838799348826,1,9.847409725189209
16,0.3228041762765222,0.32109636148890935,0.00029998149487224903,1,9.878612518310547
17,0.32305573395607895,0.3179347225137659,0.00029997894533651697,1,9.874415874481201
18,0.3205070234442019,0.31844531764855255,0.0002999762313304823,0,9.920165300369263
19,0.3205128780846457,0.31612382950009527,0.0002999733528571212,1,9.899662017822266
20,0.31812876740957224,0.3154666254649291,0.0002999703099195904,1,9.95875096321106
21,0.3173930636937732,0.314143503034437,0.00029996710252122675,1,9.863967418670654
22,0.3159417838248184,0.31293318722699137,0.00029996373066554753,1,9.845331192016602
23,0.31484735131565655,0.31169804527952866,0.00029996019435625043,1,9.855041742324829
24,0.3131508336584495,0.3118473629693727,0.0002999564935972135,0,9.855523347854614
25,0.3134466456858706,0.31128220219869873,0.0002999526283924949,1,9.85989260673523
26,0.31375208474403193,0.3085237338736251,0.0002999485987463335,1,9.862926483154297
27,0.31082556482582163,0.308547570093258,0.0002999444046631482,0,9.857341527938843
28,0.30872127519422765,0.3074869263816524,0.0002999400461475384,1,9.898061275482178
29,0.30935295835080756,0.30849689003583547,0.00029993552320428364,0,9.865006446838379
30,0.3096147405039464,0.3060000385787036,0.00029993083583834397,1,9.8954496383667
31,0.30695224460568193,0.3050480339978192,0.0002999259840548596,1,9.874874114990234
32,0.3055539063294762,0.3041662452994166,0.0002999209678591512,1,9.857561588287354
33,0.3040607109282177,0.3026469672048414,0.00029991578725671955,1,9.8751699924469
34,0.30584948313996074,0.3026479539033529,0.0002999104422532458,0,9.876735210418701
35,0.30388978709898806,0.301121188982113,0.0002999049328545915,1,9.864378690719604
36,0.3022839161176227,0.30004729934640834,0.0002998992590667983,1,9.865716457366943
37,0.30098970355792304,0.29914708314715205,0.00029989342089608824,1,9.855143308639526
38,0.299020836591318,0.2966363276984241,0.0002998874183488636,1,9.855015277862549
39,0.2977905665434277,0.29576516393068675,0.0002998812514317069,1,9.860524654388428
40,0.2966967811182915,0.29422559206550186,0.00029987492015138087,1,9.879258871078491
41,0.29576878523892014,0.2932574781211647,0.0002998684245148286,1,9.886982440948486
42,0.29391535579428585,0.2923652851903761,0.0002998617645291734,1,9.884066581726074
43,0.2933726976155832,0.2916483009183729,0.0002998549402017186,1,9.897546768188477
44,0.2903868282279067,0.29091845331965266,0.000299847951539948,1,9.895686864852905
45,0.2916730413486204,0.2896088659763336,0.0002998407985515256,1,9.882145881652832
46,0.2892511950962249,0.28773026450260264,0.0002998334812442954,1,9.884683847427368
47,0.2873206181383274,0.2872215976586213,0.00029982599962628174,1,9.881971836090088
48,0.28650602880737963,0.2853487174253206,0.00029981835370568923,1,9.888306140899658
49,0.2848169855826915,0.2849855511575132,0.00029981054349090253,1,9.887106895446777
50,0.283686631575774,0.28197556653538264,0.0002998025689904864,1,9.881827116012573
51,0.28185239031678166,0.28132372289090546,0.0002997944302131859,1,9.89596700668335
52,0.2802582854155802,0.28038715108020884,0.0002997861271679263,1,9.894259214401245
53,0.27822149602508384,0.27778240796681997,0.00029977765986381283,1,9.88919448852539
54,0.27706058135310424,0.2782228629331331,0.0002997690283101309,0,9.887012004852295
55,0.2774605667128146,0.2768516653292888,0.0002997602325163461,1,9.87913727760315
56,0.2748005945705673,0.2768451796995627,0.0002997512724921041,1,9.881854772567749
57,0.27377065557022545,0.2756993649779139,0.00029974214824723066,1,9.88671350479126
58,0.2754913926652938,0.27376116852502563,0.00029973285979173166,1,9.882000207901001
59,0.2713867468187808,0.27254750277545003,0.00029972340713579296,1,9.874425649642944
60,0.2715449385524249,0.2727497147547232,0.0002997137902897806,0,9.875930070877075
61,0.27046516966648676,0.2722800196828069,0.00029970400926424066,1,9.86508059501648
62,0.2704376238415945,0.27253028589325984,0.0002996940640698992,0,9.879823207855225
63,0.27028378541080095,0.271221828621787,0.0002996839547176623,1,9.872708320617676
64,0.2681511781383235,0.2717036943177919,0.0002996736812186162,0,9.87553596496582
65,0.2693922669513158,0.2704826593399048,0.00029966324358402695,1,9.966251134872437
66,0.2688005051943963,0.26951459694553065,0.00029965264182534073,1,10.34177541732788
67,0.26769049240472,0.27000798405827703,0.0002996418759541837,0,10.348684310913086
68,0.265598181847431,0.26929702791007787,0.000299630945982362,1,10.300845861434937
69,0.2654321110163021,0.2700215803610312,0.00029961985192186155,0,10.262645483016968
70,0.2673207964196191,0.2693419319552344,0.0002996085937848485,0,10.258423805236816
71,0.2659549208168442,0.2693311636512344,0.00029959717158366863,0,10.262950658798218
72,0.266291905941466,0.2694744926852149,0.00029958558533084797,0,10.250307083129883
73,0.266249245785117,0.2679260429498312,0.00029957383503909204,1,10.268833637237549
74,0.263909149775026,0.26682245570260127,0.00029956192072128665,1,10.26671051979065
75,0.2623621402359452,0.26837899072750193,0.00029954984239049723,0,10.253675699234009
76,0.2635910645875814,0.26710428982167633,0.00029953760005996916,0,10.276894092559814
77,0.2635773844787369,0.26714751607662923,0.00029952519374312764,0,10.2704758644104
78,0.2617026058844546,0.2672381328569876,0.00029951262345357776,0,10.262310981750488
79,0.26123626559104735,0.26664760225527995,0.0002994998892051044,1,10.258150100708008
80,0.25971836511497004,0.2663108279576173,0.0002994869910116722,1,10.260607242584229
81,0.2599768128172161,0.26713651660326365,0.00029947392888742555,0,10.254538297653198
82,0.2610165235386362,0.26699595515792435,0.0002994607028466887,0,10.258098840713501
83,0.2601993492430602,0.2660504555380022,0.00029944731290396575,1,10.24604868888855
84,0.25913303245744307,0.2670051898505237,0.00029943375907394025,0,10.253044843673706
85,0.26082872853796407,0.26655753963702433,0.00029942004137147575,0,10.2460298538208
86,0.2591011187996528,0.26680685861690623,0.00029940615981161533,0,10.256186723709106
87,0.2595865567961339,0.2663361244910472,0.0002993921144095818,0,10.256009578704834
88,0.25974964119302113,0.26681945936099905,0.00029937790518077775,0,10.266363143920898
89,0.2592563853202464,0.26642452623393087,0.0002993635321407853,0,10.269275903701782
90,0.25767141839732294,0.2658360447432544,0.0002993489953053662,1,10.275474548339844
91,0.25858841546480543,0.26650241178435247,0.00029933429469046187,0,10.279638528823853
92,0.2595265652872732,0.2650847878005054,0.0002993194303121934,1,10.259339332580566
93,0.25743324929473266,0.2656319858254613,0.00029930440218686147,0,10.277425527572632
94,0.25643057429926364,0.26582695261852163,0.00029928921033094613,0,10.220499038696289
95,0.2561672981930665,0.2659895822808549,0.00029927385476110713,0,10.232282161712646
96,0.255213778983344,0.2662518821858071,0.00029925833549418387,0,10.234339475631714
97,0.2559330160165447,0.26570916981310455,0.00029924265254719496,0,10.270457744598389
98,0.25596300246797066,0.26552059763186686,0.0002992268059373387,0,10.289153814315796
99,0.25643282056282524,0.2655258653937159,0.0002992107956819929,0,10.246460676193237
100,0.2553203374449338,0.26656746542131576,0.00029919462179871475,0,10.27004599571228
101,0.25573060449893686,0.2655264018355189,0.0002991782843052409,0,10.277415037155151
102,0.2540500832665767,0.2658850429831324,0.0002991617832194874,0,10.256433963775635
103,0.2540952574922446,0.26609897774619024,0.0002991451185595497,0,10.26736068725586
104,0.2529245079343658,0.265055388212204,0.0002991282903437027,1,10.270459413528442
105,0.25354161720806256,0.2656954712158925,0.0002991112985904006,0,10.253240823745728
106,0.25166181560783457,0.26662632339709513,0.00029909414331827686,0,10.262691259384155
107,0.25192931052902773,0.2660043054335826,0.0002990768245461444,0,10.259230375289917
108,0.2524209590577636,0.2662051642263258,0.00029905934229299534,0,10.26331615447998
109,0.2524535059928894,0.2645976084309655,0.0002990416965780011,1,10.258076906204224
110,0.2512316885767933,0.26626250792194056,0.0002990238874205125,0,10.244247436523438
111,0.25459729298578126,0.2659445356678318,0.00029900591484005937,0,10.26499605178833
112,0.25189095534267886,0.2663075110396823,0.00029898777885635085,0,10.276835441589355
113,0.2512683214618969,0.2651386655665733,0.0002989694794892753,0,10.246216058731079
114,0.2510047087618046,0.26584490489315343,0.0002989510167589001,0,10.266489744186401
115,0.24983190618370493,0.26559088922835683,0.000298932390685472,0,10.229558944702148
116,0.253936047718061,0.2668297693536088,0.0002989136012894168,0,10.079074621200562
117,0.2507565703357811,0.26565893115224065,0.00029889464859133934,0,10.094908714294434
118,0.25109628886424723,0.26566352957003825,0.0002988755326120236,0,10.098655939102173
119,0.251907010931866,0.2659279285250483,0.0002988562533724325,0,10.063809871673584
120,0.24876888923475943,0.26563507237949885,0.00029883681089370816,0,10.064846754074097
121,0.25064367666658144,0.26677063751865077,0.0002988172051971717,0,10.052231311798096
122,0.24909334820048523,0.2666161350301794,0.0002987974363043231,0,10.08265209197998
123,0.24921433459660733,0.2654897747813044,0.00029877750423684137,0,10.059359788894653
124,0.24730930455680034,0.2653548725553461,0.0002987574090165845,0,10.067288398742676
125,0.24840464054556927,0.26778357657226354,0.0002987371506655893,0,10.038164377212524
126,0.24675502869940952,0.2654806592979947,0.0002987167292060716,0,10.076306104660034
127,0.24871564837335383,0.2651780094649341,0.00029869614466042604,0,10.411907434463501
128,0.24667713178165254,0.26583754533046,0.0002986753970512261,0,10.353893518447876
129,0.24682871592905312,0.266377423260663,0.00029865448640122396,0,10.295875072479248
130,0.2456672505305356,0.2652608470336811,0.0002986334127333509,0,10.096791744232178
131,0.24484781701386654,0.26742445939296,0.0002986121760707166,0,10.089760780334473
132,0.24462681765946823,0.2668038276401726,0.00029859077643660983,0,10.096138954162598
133,0.2445731102891892,0.26598681066487284,0.0002985692138544978,0,10.075266122817993
134,0.24552477050199947,0.26576940997226817,0.00029854748834802654,0,10.076775074005127
135,0.24382315100547683,0.26646297606262,0.00029852559994102075,0,10.07478380203247
136,0.24417378234178921,0.26806294837513484,0.00029850354865748374,0,10.08461618423462
137,0.24401117726034532,0.26713357342256083,0.00029848133452159745,0,10.068183898925781
138,0.24474513050799332,0.26820501121314794,0.00029845895755772244,0,10.088170289993286
139,0.24389697453451337,0.2676183073907285,0.0002984364177903977,0,10.233822584152222
140,0.2435358044667403,0.26846644443434636,0.000298413715244341,0,10.146634578704834
141,0.24269509454501134,0.2682612779978159,0.0002983908499444483,0,10.072290658950806
142,0.24281339364345692,0.26798453443759196,0.0002983678219157943,0,10.073535203933716
143,0.24483711076542616,0.26733337060825246,0.00029834463118363203,0,10.071624994277954
144,0.2417319697976968,0.2675375060455219,0.000298321277773393,0,10.085476160049438
145,0.24090146941693838,0.26744316236392873,0.0002982977617106871,0,10.060856342315674
146,0.2407416706097282,0.26780057597804713,0.0002982740830213025,0,10.066123008728027
147,0.240541017403981,0.2691490537411458,0.0002982502417312059,0,10.056101560592651
148,0.2408012758080292,0.26712304192620356,0.0002982262378665421,0,10.129345655441284
149,0.24044791889271186,0.2688172660969399,0.0002982020714536343,0,10.25559115409851
150,0.239166980216955,0.2679294694114376,0.0002981777425189839,0,10.246465682983398
151,0.24170129813187835,0.2688939402232299,0.0002981532510892707,0,10.283794641494751
152,0.23993257190065073,0.26816493514421824,0.0002981285971913524,0,10.267789125442505
153,0.23975729649204802,0.26911703799221964,0.00029810378085226515,0,10.255341529846191
154,0.23879530177985933,0.26833162275520533,0.00029807880209922294,0,10.241927146911621
155,0.23984087011063335,0.2694173084722983,0.00029805366095961815,0,10.27540922164917
156,0.23918833376335766,0.26886356762937597,0.0002980283574610211,0,10.29169249534607
157,0.23713596944519114,0.2679476504390304,0.00029800289163118025,0,10.28470253944397
158,0.2375645932390399,0.2695535920761727,0.00029797726349802196,0,10.252214193344116
159,0.23718236459111705,0.2691722898869901,0.00029795147308965054,0,10.267156839370728
