epoch,train_loss,val_loss,is_best,seconds
0,,0.9607005715370178,1,0.0
1,0.9569748526774182,0.9607372283935547,0,0.04088139533996582
2,0.9569126784092946,0.9608508944511414,0,0.038861989974975586
3,0.9565761851439636,0.9608520865440369,0,0.03888058662414551
4,0.956385190900566,0.9604563117027283,0,0.03887295722961426
5,0.9554518399688229,0.9607289433479309,0,0.03898191452026367
6,0.9541524101421386,0.960962176322937,0,0.03879094123840332
7,0.9519857669905221,0.9599090218544006,0,0.038809776306152344
8,0.9502283973131477,0.9628104567527771,0,0.038684844970703125
9,0.9473221464916274,0.9628822207450867,0,0.03886890411376953
10,0.9443319194606966,0.9643566608428955,0,0.03867602348327637
11,0.9434815950605123,0.9641238451004028,0,0.03881716728210449
12,0.9392156044631516,0.9657694101333618,0,0.038761138916015625
13,0.9379945254634757,0.9643715023994446,0,0.0386660099029541
14,0.9328911637804513,0.9690133333206177,0,0.038754940032958984
15,0.9310716846063425,0.9695228934288025,0,0.038655996322631836
16,0.9325291750124399,0.9735900163650513,0,0.03879547119140625
17,0.9300128298575145,0.9709397554397583,0,0.038614749908447266
18,0.928754512531601,0.9744876623153687,0,0.03876948356628418
19,0.9247918276804638,0.9813585877418518,0,0.03870749473571777
20,0.9228965232380882,0.9810012578964233,0,0.03884172439575195
21,0.9236090817119659,0.9789834022521973,0,0.03875160217285156
22,0.9200465144342999,0.9825925230979919,0,0.038881778717041016
23,0.9186973983047004,0.9796968102455139,0,0.038678884506225586
24,0.9172925314279747,0.9833536148071289,0,0.03878068923950195
25,0.9151365901163778,0.9839271903038025,0,0.03869891166687012
26,0.9134489287437799,0.9847214818000793,0,0.03872799873352051
27,0.915209970702567,0.9855170845985413,0,0.03874778747558594
