task,model,pearson_r,r2,mse,mae,rmse,alpha,best_epoch,best_val_loss,positive_rate,roc_auc,average_precision,C
bmi,linear_baseline,0.537588404963027,0.28859156370162964,0.9236403107643127,0.7474967241287231,0.9610620743554044,100.0,,,,,,
bmi,mlp_head,0.5443588077576506,0.29568272829055786,0.9144335985183716,0.7461133003234863,0.9562602148570083,,5.0,0.7095292806625366,,,,
g_factor,linear_baseline,0.5318307392455881,0.2763909101486206,1.5955337285995483,1.008139729499817,1.2631443815334604,31.622776601683793,,,,,,
g_factor,mlp_head,0.5318307439966279,0.2763909101486206,1.5955337285995483,1.008139729499817,1.2631443815334604,,0.0,0.7049140930175781,,,,
internalizing,linear_baseline,0.17339804146873888,0.029032230377197266,118.08450317382812,8.973196029663086,10.866669368938586,1000.0,,,,,,
internalizing,mlp_head,0.1733980466874951,0.029032230377197266,118.08450317382812,8.973196029663086,10.866669368938586,,0.0,0.9607005715370178,,,,
externalizing,linear_baseline,0.1465828478553852,0.021304607391357422,89.6376953125,7.643501281738281,9.467718590690156,1000.0,,,,,,
externalizing,mlp_head,0.1465828578764227,0.021304607391357422,89.6376953125,7.643501281738281,9.467718590690156,,0.0,1.0011595487594604,,,,
sui,linear_baseline,,,,,,,,,0.3030647039413452,0.6052532054801205,0.3799343919941969,0.1
sui,mlp_head,,,,,,,0.0,0.9608036279678345,0.3030647039413452,0.6052532054801205,0.3799343919941969,
