epoch,train_loss,val_loss,learning_rate,is_best
1,3.676352286338806,2.1703908443450928,0.0003,1
2,2.141892820596695,1.6405645608901978,0.0002999998149449555,1
3,1.649444818496704,1.3204448819160461,0.00029999925978027874,1
4,1.3961553514003753,1.0940431356430054,0.0002999983345073394,1
5,1.1452743411064148,0.8340032696723938,0.00029999703912842054,1
6,0.9817049264907837,0.7694664299488068,0.00029999537364671844,1
7,0.8524836272001266,0.660624772310257,0.00029999333806634247,1
8,0.7455746024847031,0.5495635271072388,0.0002999909323923152,1
9,0.6529499053955078,0.47247448563575745,0.0002999881566305724,1
10,0.5783420294523239,0.4357162266969681,0.000299985010787963,1
11,0.533223208785057,0.39086775481700897,0.00029998149487224903,1
12,0.4816312402486801,0.33756034076213837,0.0002999776088921057,1
13,0.4535076379776001,0.35640949010849,0.00029997335285712127,0
14,0.42277010530233383,0.31369784474372864,0.0002999687267777971,1
15,0.38932487815618516,0.27173087000846863,0.00029996373066554753,1
16,0.35679576098918914,0.26652800291776657,0.0002999583645327,1
17,0.34498123079538345,0.23759934306144714,0.0002999526283924949,1
18,0.32291017174720765,0.24076779186725616,0.0002999465222590856,0
19,0.31003180593252183,0.2222013846039772,0.0002999400461475383,1
20,0.28977022469043734,0.2101726457476616,0.00029993320007383234,1
21,0.2859093979001045,0.21413052827119827,0.0002999259840548596,0
22,0.2677474617958069,0.21025525033473969,0.0002999183981084249,0
23,0.2610303729772568,0.1865907534956932,0.0002999104422532458,1
24,0.25712434127926825,0.18049867451190948,0.0002999021165089526,1
25,0.235119965672493,0.18180549889802933,0.00029989342089608824,0
26,0.2325283631682396,0.1727961227297783,0.0002998843554361083,1
27,0.2264465406537056,0.16697034239768982,0.00029987492015138087,1
28,0.2233569346368313,0.1758420392870903,0.0002998651150651866,0
29,0.20818934962153435,0.1587625816464424,0.00029985494020171857,1
30,0.20688195452094077,0.15870779007673264,0.00029984439558608224,1
31,0.20503709092736244,0.15619716048240662,0.0002998334812442954,1
32,0.19718221202492714,0.15363216400146484,0.00029982219720328803,1
33,0.19709243178367614,0.15241865813732147,0.0002998105434909025,1
34,0.1894320696592331,0.15219931304454803,0.00029979852013589306,1
35,0.1827681005001068,0.1502075046300888,0.0002997861271679263,1
36,0.183583402633667,0.14639084041118622,0.0002997733646175805,1
37,0.17974611818790437,0.14032966643571854,0.00029976023251634606,1
38,0.17456088736653327,0.14311307668685913,0.00029974673089662506,0
39,0.17215718999505042,0.14544279873371124,0.00029973285979173155,0
40,0.16703043207526208,0.13823125511407852,0.00029971861923589095,1
41,0.16933140382170678,0.13931334763765335,0.0002997040092642405,0
42,0.16359571143984794,0.13509389758110046,0.0002996890299128288,1
43,0.16467390656471254,0.14453726261854172,0.000299673681218616,0
44,0.1633108712732792,0.13230983540415764,0.00029965796321947336,1
45,0.1616523578763008,0.13495786488056183,0.0002996418759541835,0
46,0.15748677104711534,0.12827394530177116,0.00029962541946244024,1
47,0.15699929967522622,0.1428506225347519,0.00029960859378484826,0
48,0.15822839811444284,0.13360334187746048,0.00029959139896292323,0
49,0.15514229163527488,0.12674244493246078,0.0002995738350390918,1
50,0.15125383213162422,0.12445773929357529,0.0002995559020566911,1
51,0.15081426352262498,0.12750191241502762,0.00029953760005996895,0
52,0.15163419246673585,0.1266086846590042,0.0002995189290940837,0
53,0.1489229716360569,0.12172090634703636,0.0002994998892051042,1
54,0.14452869892120362,0.12394368648529053,0.0002994804804400094,0
55,0.14405456483364104,0.12468648701906204,0.00029946070284668855,0
56,0.14165119603276252,0.12106206268072128,0.00029944055647394087,1
57,0.14232872575521469,0.11922622099518776,0.0002994200413714756,1
58,0.1409729029983282,0.12360526248812675,0.0002993991575899116,0
59,0.1413936994969845,0.11810228228569031,0.0002993779051807776,1
60,0.13632140159606934,0.11976516246795654,0.0002993562841965118,0
61,0.1336162954568863,0.11934753879904747,0.00029933429469046176,0
62,0.13484494499862193,0.11526584252715111,0.00029931193671688453,1
63,0.13446804210543634,0.11592279002070427,0.0002992892103309461,0
64,0.12980240173637866,0.11397869884967804,0.0002992661155887215,1
65,0.13369893096387386,0.11930059269070625,0.0002992426525471948,0
66,0.13478299379348754,0.11520654335618019,0.0002992188212642587,0
67,0.12944622337818146,0.1136711910367012,0.0002991946217987146,1
68,0.1270789995789528,0.1145344190299511,0.0002991700542102722,0
69,0.126713490113616,0.1134350374341011,0.0002991451185595496,1
70,0.12640308402478695,0.11260729655623436,0.000299119814908073,1
71,0.1229639545083046,0.11093449965119362,0.00029909414331827675,1
72,0.12434157058596611,0.10904233530163765,0.00029906810385350283,1
73,0.1229991413652897,0.10851599648594856,0.00029904169657800106,1
74,0.12258540876209736,0.11322291940450668,0.00029901492155692876,0
75,0.12385489754378795,0.1084897443652153,0.0002989877788563507,1
76,0.12237022295594216,0.10871129482984543,0.0002989602685432388,0
77,0.1281989935785532,0.10797356441617012,0.00029893239068547184,1
78,0.11900322213768959,0.10783075168728828,0.00029890414535183583,1
79,0.11573827341198921,0.1067127101123333,0.0002988755326120234,1
80,0.11622560024261475,0.105205487459898,0.00029884655253663344,1
81,0.11690044067800046,0.10838102921843529,0.00029881720519717153,0
82,0.11655390486121178,0.10866040736436844,0.00029878749066604925,0
83,0.12171572931110859,0.10855477303266525,0.0002987574090165843,0
84,0.11607695184648037,0.10445050150156021,0.0002987269603230001,1
85,0.11536054201424122,0.10611667856574059,0.0002986961446604258,0
86,0.11669603139162063,0.10873742029070854,0.00029866496210489605,0
87,0.11474543288350106,0.10156791657209396,0.0002986334127333506,1
88,0.11430329717695713,0.10439330339431763,0.0002986014966236345,0
89,0.11385902538895606,0.1015443280339241,0.00029856921385449747,1
90,0.11375275477766991,0.10381104052066803,0.00029853656450559414,0
91,0.11315906308591366,0.0991240069270134,0.0002985035486574834,1
92,0.11246474608778953,0.10028019547462463,0.00029847016639162867,0
93,0.11009794063866138,0.09968850016593933,0.0002984364177903974,0
94,0.11472419574856758,0.09884314984083176,0.0002984023029370609,1
95,0.11102759838104248,0.09969517961144447,0.00029836782191579406,0
96,0.1118248350918293,0.100141741335392,0.0002983329748116755,0
97,0.11100160889327526,0.09895205870270729,0.00029829776171068687,0
98,0.11203335560858249,0.09872259944677353,0.00029826218269971314,1
99,0.10908907540142536,0.09766753762960434,0.00029822623786654185,1
100,0.10807663388550282,0.09695252403616905,0.0002981899272998634,1
101,0.11095261946320534,0.10051407292485237,0.0002981532510892704,0
102,0.113582519069314,0.09642598405480385,0.0002981162093252579,1
103,0.10888221263885497,0.09805913642048836,0.00029807880209922267,0
104,0.1074110858142376,0.09420249983668327,0.00029804102950346334,1
105,0.1070651050657034,0.09452495723962784,0.00029800289163118,0
106,0.10935325957834721,0.09703680500388145,0.0002979643885764741,0
107,0.11102455593645573,0.0968908742070198,0.00029792552043434817,0
108,0.10897573754191399,0.09924957901239395,0.00029788628730070533,0
109,0.10646011866629124,0.09656371176242828,0.00029784668927234953,0
110,0.10878103151917458,0.09448319301009178,0.00029780672644698494,0
111,0.10355526767671108,0.09746634587645531,0.0002977663989232159,0
112,0.10597590245306492,0.09401718527078629,0.0002977257068005465,1
113,0.10609594248235225,0.09273210540413857,0.00029768465017938065,1
114,0.10409799478948116,0.09427939727902412,0.0002976432291610213,0
115,0.10214980579912662,0.09359277412295341,0.0002976014438476708,0
116,0.10343299768865108,0.09050756320357323,0.00029755929434243023,1
117,0.10437693297863007,0.09252194315195084,0.0002975167807492993,0
118,0.10480413027107716,0.0937204584479332,0.00029747390317317603,0
119,0.09986827373504639,0.09278643503785133,0.0002974306617198567,0
120,0.10125000365078449,0.09176154434680939,0.0002973870564960352,0
121,0.10221193432807922,0.0917891375720501,0.00029734308760930316,0
122,0.09943147264420986,0.09064086526632309,0.00029729875516814935,0
123,0.10071464814245701,0.09221411496400833,0.0002972540592819597,0
124,0.10411009937524796,0.09120948985219002,0.0002972090000610169,0
125,0.10306187607347965,0.09090298786759377,0.0002971635776165,0
126,0.10233642794191837,0.09233786910772324,0.0002971177920604845,0
127,0.1031668722629547,0.09368856996297836,0.00029707164350594156,0
128,0.10207911729812622,0.08999893069267273,0.00029702513206673827,1
129,0.10028228908777237,0.09025274217128754,0.0002969782578576369,0
130,0.09917456917464733,0.09048996865749359,0.000296931020994295,0
131,0.09887814968824386,0.09032756090164185,0.00029688342159326476,0
132,0.09803335778415204,0.08956362307071686,0.000296835459771993,1
133,0.0996288686990738,0.09375466778874397,0.0002967871356488207,0
134,0.10124051310122013,0.0897873193025589,0.0002967384493429829,0
135,0.10126153230667115,0.09129432588815689,0.00029668940097460816,0
136,0.09966189786791801,0.08824551478028297,0.0002966399906647185,1
137,0.0990194022655487,0.08912758529186249,0.0002965902185352289,0
138,0.0963940393179655,0.08738569170236588,0.0002965400847089472,1
139,0.09791788384318352,0.08922940492630005,0.00029648958930957357,0
140,0.09677687883377076,0.09155022725462914,0.00029643873246170045,0
141,0.09971898421645164,0.08921847119927406,0.000296387514290812,0
142,0.09824669510126113,0.08590151369571686,0.000296335934923284,1
143,0.0990244846791029,0.08848010003566742,0.0002962839944863834,0
144,0.09747267328202724,0.08779910579323769,0.0002962316931082681,0
145,0.09567071907222272,0.08974900096654892,0.00029617903091798647,0
146,0.09854358248412609,0.0868338979780674,0.0002961260080454773,0
147,0.09466579034924508,0.08551939949393272,0.0002960726246215692,1
148,0.0965487752109766,0.08552748709917068,0.0002960188807779805,0
149,0.09525142349302769,0.08642489835619926,0.00029596477664731884,0
150,0.09536274075508118,0.08826537057757378,0.0002959103123630807,0
151,0.09451183155179024,0.08789372444152832,0.0002958554880596513,0
152,0.09433508552610874,0.08726642653346062,0.0002958003038723042,0
153,0.09483588449656963,0.08946233987808228,0.0002957447599372009,0
154,0.09336967393755913,0.08676178008317947,0.00029568885639139053,0
155,0.09414523243904113,0.08725964277982712,0.0002956325933728095,0
156,0.09380406402051449,0.09135324135422707,0.00029557597102028123,0
157,0.09615885876119137,0.08727298676967621,0.00029551898947351575,0
158,0.09391997829079628,0.08684524148702621,0.00029546164887310933,0
159,0.09599814005196095,0.08962476253509521,0.00029540394936054424,0
160,0.09313176721334457,0.08487177640199661,0.0002953458910781883,1
161,0.09095274917781353,0.08360397815704346,0.0002952874741692945,1
162,0.09460214637219906,0.08472636714577675,0.0002952286987780008,0
163,0.09388746544718743,0.0852336585521698,0.00029516956504932967,0
164,0.0927019838243723,0.08327802643179893,0.0002951100731291876,1
165,0.093444699421525,0.08587434887886047,0.00029505022316436507,0
166,0.09212494567036629,0.08624555543065071,0.0002949900153025359,0
167,0.09169238843023778,0.08488845080137253,0.000294929449692257,0
168,0.09313565008342266,0.08447617664933205,0.00029486852648296806,0
169,0.09456730596721172,0.08561507612466812,0.0002948072458249909,0
170,0.09175576791167259,0.0844544768333435,0.00029474560786952957,0
171,0.09229614734649658,0.08651161566376686,0.00029468361276866953,0
172,0.09317038580775261,0.08562569320201874,0.00029462126067537756,0
173,0.09241649992763996,0.08364416286349297,0.00029455855174350125,0
174,0.09228054098784924,0.08460863679647446,0.00029449548612776866,0
175,0.09139506481587886,0.08390000462532043,0.00029443206398378796,0
176,0.0898879487067461,0.08458639308810234,0.00029436828546804686,0
177,0.09108580388128758,0.0854850523173809,0.00029430415073791266,0
178,0.09186576679348946,0.08302532508969307,0.0002942396599516314,1
179,0.09263285733759404,0.08429165184497833,0.0002941748132683276,0
180,0.09109043069183827,0.08290650695562363,0.0002941096108480041,1
181,0.0913907814770937,0.08115597814321518,0.0002940440528515413,1
182,0.092630585283041,0.084464430809021,0.0002939781394406971,0
183,0.09289064556360245,0.08330285921692848,0.00029391187077810625,0
184,0.08968328386545181,0.08330574259161949,0.00029384524702728013,0
185,0.09089915081858635,0.08419240638613701,0.0002937782683526062,0
186,0.09079429134726524,0.08273111656308174,0.0002937109349193477,0
187,0.0908273309469223,0.0851583331823349,0.0002936432468936431,0
188,0.09063806384801865,0.08213803917169571,0.000293575204442506,0
189,0.09029356986284257,0.08350789919495583,0.00029350680773382434,0
190,0.08935585431754589,0.08302692323923111,0.00029343805693636017,0
191,0.09011493138968944,0.08215365186333656,0.00029336895221974925,0
192,0.08861522637307644,0.08371726796030998,0.0002932994937545007,0
193,0.08921038024127484,0.0814598836004734,0.0002932296817119962,0
194,0.09043382108211517,0.08277537673711777,0.0002931595162644901,0
195,0.0891316570341587,0.08283732086420059,0.0002930889975851088,0
196,0.08856106474995613,0.0809115432202816,0.0002930181258478499,1
197,0.08795612528920174,0.08223464712500572,0.00029294690122758256,0
198,0.08869798853993416,0.08147488161921501,0.00029287532390004633,0
199,0.09016497582197189,0.08019697666168213,0.00029280339404185124,1
200,0.08974852710962296,0.08079441636800766,0.00029273111183047697,0
201,0.08821510523557663,0.08201257884502411,0.0002926584774442728,0
202,0.08970208130776883,0.08528656512498856,0.0002925854910624568,0
203,0.08761900924146175,0.08426178991794586,0.0002925121528651155,0
204,0.08985437117516995,0.08074470981955528,0.00029243846303320386,0
205,0.0860904186964035,0.07962539792060852,0.000292364421748544,1
206,0.08920095935463905,0.07965521886944771,0.0002922900291938255,0
207,0.08774857223033905,0.08054487779736519,0.0002922152855526046,0
208,0.08909374065697193,0.08118708431720734,0.00029214019100930384,0
209,0.09025324620306492,0.0800749696791172,0.00029206474574921144,0
210,0.08693798780441284,0.08103610575199127,0.0002919889499584812,0
211,0.08680588267743587,0.07979502528905869,0.0002919128038241316,0
212,0.08672049529850483,0.07981652766466141,0.00029183630753404577,0
213,0.08770310841500759,0.08034459128975868,0.0002917594612769706,0
214,0.08689873293042183,0.0811813622713089,0.0002916822652425166,0
215,0.08617505393922328,0.08109093084931374,0.00029160471962115736,0
216,0.08606519810855388,0.08078079298138618,0.00029152682460422893,0
217,0.08560524955391884,0.08031151816248894,0.0002914485803839296,0
218,0.08499190174043178,0.07912266999483109,0.0002913699871533191,1
219,0.08535258434712886,0.08142879605293274,0.0002912910451063185,0
220,0.0861144509166479,0.07964009791612625,0.0002912117544377094,0
221,0.08692733608186246,0.07959533482789993,0.00029113211534313374,0
222,0.08593825101852418,0.08037547394633293,0.00029105212801909297,0
223,0.0857722781598568,0.08075893670320511,0.00029097179266294787,0
224,0.08687182068824768,0.0789877399802208,0.00029089110947291797,1
225,0.08637961894273757,0.08550922200083733,0.000290810078648081,0
226,0.08659389279782773,0.08419008180499077,0.00029072870038837254,0
227,0.08567481562495231,0.08026202023029327,0.00029064697489458523,0
228,0.08482784628868104,0.08076877146959305,0.0002905649023683687,0
229,0.08839195147156716,0.083499975502491,0.0002904824830122288,0
230,0.08880215473473071,0.07903777807950974,0.0002903997170295269,0
231,0.08582804314792156,0.07820474728941917,0.00029031660462448003,1
232,0.0865477617830038,0.08025820925831795,0.0002902331460021596,0
233,0.08423839509487152,0.08097140863537788,0.0002901493413684917,0
234,0.08538754284381866,0.07943248748779297,0.00029006519093025576,0
235,0.08723696768283844,0.0815398097038269,0.0002899806948950847,0
236,0.08562201261520386,0.08084246516227722,0.000289895853471464,0
237,0.08441023528575897,0.07933301478624344,0.0002898106668687315,0
238,0.08555328696966172,0.07847914844751358,0.0002897251352970767,0
239,0.0856453750282526,0.07863285019993782,0.00028963925896754024,0
240,0.08525403961539268,0.08003431931138039,0.0002895530380920134,0
241,0.08445323556661606,0.08079072460532188,0.00028946647288323756,0
242,0.08406019024550915,0.07676395773887634,0.00028937956355480393,1
243,0.08493218757212162,0.07956504076719284,0.0002892923103211525,0
244,0.08433305732905864,0.08040930330753326,0.00028920471339757196,0
245,0.08441061042249202,0.0781952403485775,0.000289116773000199,0
246,0.08370504230260849,0.07867268845438957,0.00028902848934601796,0
247,0.08391454704105854,0.07882727682590485,0.00028893986265285984,0
248,0.08584902659058571,0.0821746364235878,0.0002888508931394023,0
249,0.08485803566873074,0.08140014111995697,0.0002887615810251686,0
250,0.08575802855193615,0.07688692584633827,0.00028867192653052765,0
251,0.08497509770095349,0.07943566888570786,0.0002885819298766929,0
252,0.08402280807495117,0.07845096662640572,0.00028849159128572225,0
253,0.08250263445079327,0.0796847976744175,0.00028840091098051717,0
254,0.08325959332287311,0.07747732847929001,0.00028830988918482223,0
255,0.08047324344515801,0.07557985931634903,0.0002882185261232247,1
256,0.0835697516798973,0.07680053636431694,0.00028812682202115393,0
257,0.08479384072124958,0.07979671284556389,0.00028803477710488055,0
258,0.08272484056651593,0.07926894351840019,0.00028794239160151626,0
259,0.08402992784976959,0.08009879291057587,0.00028784966573901314,0
260,0.08309318162500859,0.07789535447955132,0.00028775659974616307,0
261,0.08308944292366505,0.07748181745409966,0.0002876631938525971,0
262,0.08384090401232243,0.07673279568552971,0.000287569448288785,0
263,0.08323888778686524,0.07781706750392914,0.0002874753632860346,0
264,0.08277977593243122,0.07692757248878479,0.0002873809390764914,0
265,0.08117097653448582,0.07666174694895744,0.0002872861758931376,0
266,0.08286481276154518,0.07678472995758057,0.00028719107396979205,0
267,0.08438275158405303,0.07619268447160721,0.0002870956335411092,0
268,0.08267288468778133,0.07720335945487022,0.00028699985484257885,0
269,0.08220952935516834,0.07810864597558975,0.0002869037381105255,0
270,0.08127343766391278,0.0780337005853653,0.0002868072835821075,0
271,0.08247142434120178,0.0780174732208252,0.0002867104914953168,0
272,0.082730957493186,0.07654774188995361,0.0002866133620889784,0
273,0.08385021612048149,0.07811757922172546,0.0002865158956027494,0
274,0.0813883550465107,0.07820126786828041,0.0002864180922771186,0
275,0.0833861581981182,0.07768753170967102,0.0002863199523534061,0
276,0.08155449628829955,0.07659417763352394,0.00028622147607376225,0
277,0.08101674802601337,0.07606717571616173,0.00028612266368116757,0
278,0.08314274474978448,0.07639243453741074,0.0002860235154194319,0
279,0.08364034369587899,0.07710399851202965,0.0002859240315331936,0
280,0.08104282096028328,0.0754905566573143,0.0002858242122679193,1
281,0.08177431263029575,0.0776982493698597,0.00028572405786990305,0
282,0.08251740969717503,0.07526327669620514,0.000285623568586266,1
283,0.08089838363230228,0.07389439642429352,0.00028552274466495537,1
284,0.08164149485528469,0.07703747227787971,0.00028542158635474417,0
285,0.08258723244071006,0.07622736692428589,0.00028532009390523053,0
286,0.07931443862617016,0.07466302067041397,0.00028521826756683697,0
287,0.08153919242322445,0.07685035094618797,0.0002851161075908099,0
288,0.08070336766541004,0.07637825980782509,0.00028501361422921873,0
289,0.08161531426012517,0.07600002735853195,0.0002849107877349558,0
290,0.08178578540682793,0.07699701935052872,0.00028480762836173524,0
291,0.08100096397101879,0.07650142163038254,0.0002847041363640925,0
292,0.08091121912002563,0.07684944942593575,0.00028460031199738385,0
293,0.08032861910760403,0.0759359672665596,0.0002844961555177855,0
294,0.07903812453150749,0.07709575071930885,0.00028439166718229335,0
295,0.08281157575547696,0.07721778377890587,0.0002842868472487219,0
296,0.08079006411135196,0.07366756722331047,0.0002841816959757039,1
297,0.08053381182253361,0.07503576204180717,0.0002840762136226897,0
298,0.08127899691462517,0.07478052377700806,0.0002839704004499465,0
299,0.08403120338916778,0.07747761905193329,0.0002838642567185578,0
300,0.08322517462074756,0.07830042392015457,0.0002837577826904227,0
301,0.0811231430619955,0.07506430521607399,0.0002836509786282553,0
302,0.08149598203599454,0.07718931138515472,0.000283543844795584,0
303,0.08159762062132359,0.07532364875078201,0.00028343638145675087,0
304,0.08179096505045891,0.07716764137148857,0.00028332858887691095,0
305,0.08114390410482883,0.07456068694591522,0.00028322046732203186,0
306,0.07909604944288731,0.07390172407031059,0.0002831120170588927,0
307,0.08170997463166714,0.07390760257840157,0.00028300323835508365,0
308,0.07995515018701553,0.07524178549647331,0.0002828941314790054,0
309,0.0792359933257103,0.07604578137397766,0.00028278469669986843,0
310,0.07898269593715668,0.07483074814081192,0.00028267493428769204,0
311,0.08057616315782071,0.079001035541296,0.00028256484451330414,0
312,0.0796124130487442,0.07688476145267487,0.00028245442764834026,0
313,0.07920400723814965,0.07560444623231888,0.00028234368396524306,0
314,0.0810828112065792,0.07584118470549583,0.0002822326137372616,0
315,0.07825944982469082,0.07548471167683601,0.0002821212172384506,0
316,0.07859546281397342,0.07488088309764862,0.0002820094947436699,0
317,0.07787267044186592,0.07424313202500343,0.0002818974465285835,0
318,0.07828121446073055,0.07485396042466164,0.0002817850728696594,0
319,0.07913420982658863,0.07533158361911774,0.00028167237404416837,0
320,0.08008063361048698,0.0757426880300045,0.0002815593503301835,0
321,0.07921592257916928,0.0773104801774025,0.0002814460020065796,0
322,0.07917574793100357,0.07523175701498985,0.00028133232935303245,0
323,0.07991136126220226,0.07525429874658585,0.000281218332650018,0
324,0.0799099426716566,0.07500274106860161,0.0002811040121788118,0
325,0.07882657498121262,0.07635559514164925,0.0002809893682214881,0
326,0.0779470220208168,0.07445047795772552,0.0002808744010609197,0
